City,Skill Category,Estimated Layoffs,Action,Reasoning
Alabama,Administrative & Clerical,3439,Sector Shift,No strong alternative
Alabama,Cybersecurity,265,Sector Shift,No strong alternative
Alabama,Data & Analysis,189,Sector Shift,No strong alternative
Alabama,Education & Training,581,Sector Shift,No strong alternative
Alabama,Engineering & Technical Ops,5723,Sector Shift,No strong alternative
Alabama,HR & Workforce Services,462,Sector Shift,No strong alternative
Alabama,Healthcare & Medical,2991,Sector Shift,No strong alternative
Alabama,"Legal, Regulatory & Policy",555,Sector Shift,No strong alternative
Alabama,Other / Specialized,1589,Sector Shift,No strong alternative
Alabama,Procurement & Contracting,2565,Sector Shift,No strong alternative
Alabama,Project & Program Mgmt,2035,Sector Shift,No strong alternative
Alaska,Administrative & Clerical,995,Sector Shift,No strong alternative
Alaska,Cybersecurity,48,Sector Shift,No strong alternative
Alaska,Data & Analysis,22,Sector Shift,No strong alternative
Alaska,Education & Training,95,Sector Shift,No strong alternative
Alaska,Engineering & Technical Ops,2210,Sector Shift,No strong alternative
Alaska,HR & Workforce Services,105,Sector Shift,No strong alternative
Alaska,Healthcare & Medical,538,Sector Shift,No strong alternative
Alaska,"Legal, Regulatory & Policy",67,Sector Shift,No strong alternative
Alaska,Other / Specialized,770,Sector Shift,No strong alternative
Alaska,Procurement & Contracting,443,Sector Shift,No strong alternative
Alaska,Project & Program Mgmt,384,Sector Shift,No strong alternative
Arizona,Administrative & Clerical,2970,Sector Shift,No strong alternative
Arizona,Cybersecurity,155,Sector Shift,No strong alternative
Arizona,Data & Analysis,70,Sector Shift,No strong alternative
Arizona,Education & Training,501,Sector Shift,No strong alternative
Arizona,Engineering & Technical Ops,3712,Sector Shift,No strong alternative
Arizona,HR & Workforce Services,394,Sector Shift,No strong alternative
Arizona,Healthcare & Medical,5393,Sector Shift,No strong alternative
Arizona,"Legal, Regulatory & Policy",475,Sector Shift,No strong alternative
Arizona,Other / Specialized,1441,Sector Shift,No strong alternative
Arizona,Procurement & Contracting,894,Sector Shift,No strong alternative
Arizona,Project & Program Mgmt,1096,Sector Shift,No strong alternative
Arkansas,Administrative & Clerical,1143,Sector Shift,No strong alternative
Arkansas,Cybersecurity,47,Sector Shift,No strong alternative
Arkansas,Data & Analysis,26,Sector Shift,No strong alternative
Arkansas,Education & Training,103,Sector Shift,No strong alternative
Arkansas,Engineering & Technical Ops,1595,Sector Shift,No strong alternative
Arkansas,HR & Workforce Services,182,Sector Shift,No strong alternative
Arkansas,Healthcare & Medical,2498,Sector Shift,No strong alternative
Arkansas,"Legal, Regulatory & Policy",174,Sector Shift,No strong alternative
Arkansas,Other / Specialized,708,Sector Shift,No strong alternative
Arkansas,Procurement & Contracting,338,Sector Shift,No strong alternative
Arkansas,Project & Program Mgmt,328,Sector Shift,No strong alternative
California,Administrative & Clerical,13969,Sector Shift,No strong alternative
California,Cybersecurity,1401,Relocate,Better CoL + demand
California,Data & Analysis,592,Relocate,Better CoL + demand
California,Education & Training,1574,Sector Shift,No strong alternative
California,Engineering & Technical Ops,20014,Sector Shift,No strong alternative
California,HR & Workforce Services,1497,Sector Shift,No strong alternative
California,Healthcare & Medical,15194,Sector Shift,No strong alternative
California,"Legal, Regulatory & Policy",1864,Sector Shift,No strong alternative
California,Other / Specialized,7667,Sector Shift,No strong alternative
California,Procurement & Contracting,4766,Sector Shift,No strong alternative
California,Project & Program Mgmt,5757,Sector Shift,No strong alternative
Colorado,Administrative & Clerical,3928,Sector Shift,No strong alternative
Colorado,Cybersecurity,237,Sector Shift,No strong alternative
Colorado,Data & Analysis,225,Sector Shift,No strong alternative
Colorado,Education & Training,445,Sector Shift,No strong alternative
Colorado,Engineering & Technical Ops,5016,Sector Shift,No strong alternative
Colorado,HR & Workforce Services,570,Sector Shift,No strong alternative
Colorado,Healthcare & Medical,3278,Sector Shift,No strong alternative
Colorado,"Legal, Regulatory & Policy",434,Sector Shift,No strong alternative
Colorado,Other / Specialized,2443,Sector Shift,No strong alternative
Colorado,Procurement & Contracting,1421,Sector Shift,No strong alternative
Colorado,Project & Program Mgmt,2206,Sector Shift,No strong alternative
Connecticut,Administrative & Clerical,563,Sector Shift,No strong alternative
Connecticut,Cybersecurity,18,Sector Shift,No strong alternative
Connecticut,Data & Analysis,25,Sector Shift,No strong alternative
Connecticut,Education & Training,51,Sector Shift,No strong alternative
Connecticut,Engineering & Technical Ops,674,Sector Shift,No strong alternative
Connecticut,HR & Workforce Services,75,Sector Shift,No strong alternative
Connecticut,Healthcare & Medical,1362,Sector Shift,No strong alternative
Connecticut,"Legal, Regulatory & Policy",125,Sector Shift,No strong alternative
Connecticut,Other / Specialized,326,Sector Shift,No strong alternative
Connecticut,Procurement & Contracting,286,Sector Shift,No strong alternative
Connecticut,Project & Program Mgmt,230,Sector Shift,No strong alternative
Delaware,Administrative & Clerical,354,Sector Shift,No strong alternative
Delaware,Cybersecurity,15,Sector Shift,No strong alternative
Delaware,Data & Analysis,5,Sector Shift,No strong alternative
Delaware,Education & Training,28,Sector Shift,No strong alternative
Delaware,Engineering & Technical Ops,364,Sector Shift,No strong alternative
Delaware,HR & Workforce Services,61,Sector Shift,No strong alternative
Delaware,Healthcare & Medical,591,Sector Shift,No strong alternative
Delaware,"Legal, Regulatory & Policy",57,Sector Shift,No strong alternative
Delaware,Other / Specialized,218,Sector Shift,No strong alternative
Delaware,Procurement & Contracting,130,Sector Shift,No strong alternative
Delaware,Project & Program Mgmt,121,Sector Shift,No strong alternative
District Of Columbia,Administrative & Clerical,15304,Sector Shift,No strong alternative
District Of Columbia,Cybersecurity,1480,Sector Shift,No strong alternative
District Of Columbia,Data & Analysis,4916,Sector Shift,No strong alternative
District Of Columbia,Education & Training,950,Sector Shift,No strong alternative
District Of Columbia,Engineering & Technical Ops,6820,Sector Shift,No strong alternative
District Of Columbia,HR & Workforce Services,2115,Sector Shift,No strong alternative
District Of Columbia,Healthcare & Medical,2015,Sector Shift,No strong alternative
District Of Columbia,"Legal, Regulatory & Policy",5898,Sector Shift,No strong alternative
District Of Columbia,Other / Specialized,21766,Sector Shift,No strong alternative
District Of Columbia,Procurement & Contracting,3456,Sector Shift,No strong alternative
District Of Columbia,Project & Program Mgmt,16381,Sector Shift,No strong alternative
Florida,Administrative & Clerical,8217,Sector Shift,No strong alternative
Florida,Cybersecurity,619,Sector Shift,No strong alternative
Florida,Data & Analysis,312,Sector Shift,No strong alternative
Florida,Education & Training,658,Sector Shift,No strong alternative
Florida,Engineering & Technical Ops,9813,Sector Shift,No strong alternative
Florida,HR & Workforce Services,1179,Sector Shift,No strong alternative
Florida,Healthcare & Medical,13467,Sector Shift,No strong alternative
Florida,"Legal, Regulatory & Policy",1309,Sector Shift,No strong alternative
Florida,Other / Specialized,4254,Sector Shift,No strong alternative
Florida,Procurement & Contracting,3207,Sector Shift,No strong alternative
Florida,Project & Program Mgmt,3870,Sector Shift,No strong alternative
Georgia,Administrative & Clerical,7289,Sector Shift,No strong alternative
Georgia,Cybersecurity,554,Sector Shift,No strong alternative
Georgia,Data & Analysis,306,Sector Shift,No strong alternative
Georgia,Education & Training,1027,Sector Shift,No strong alternative
Georgia,Engineering & Technical Ops,8862,Sector Shift,No strong alternative
Georgia,HR & Workforce Services,1145,Sector Shift,No strong alternative
Georgia,Healthcare & Medical,8574,Sector Shift,No strong alternative
Georgia,"Legal, Regulatory & Policy",834,Sector Shift,No strong alternative
Georgia,Other / Specialized,4495,Sector Shift,No strong alternative
Georgia,Procurement & Contracting,3265,Sector Shift,No strong alternative
Georgia,Project & Program Mgmt,3602,Sector Shift,No strong alternative
Hawaii,Administrative & Clerical,1988,Sector Shift,No strong alternative
Hawaii,Cybersecurity,154,Sector Shift,No strong alternative
Hawaii,Data & Analysis,34,Sector Shift,No strong alternative
Hawaii,Education & Training,127,Sector Shift,No strong alternative
Hawaii,Engineering & Technical Ops,5214,Sector Shift,No strong alternative
Hawaii,HR & Workforce Services,243,Sector Shift,No strong alternative
Hawaii,Healthcare & Medical,1523,Sector Shift,No strong alternative
Hawaii,"Legal, Regulatory & Policy",94,Sector Shift,No strong alternative
Hawaii,Other / Specialized,943,Sector Shift,No strong alternative
Hawaii,Procurement & Contracting,779,Sector Shift,No strong alternative
Hawaii,Project & Program Mgmt,1184,Sector Shift,No strong alternative
Idaho,Administrative & Clerical,775,Sector Shift,No strong alternative
Idaho,Cybersecurity,32,Sector Shift,No strong alternative
Idaho,Data & Analysis,12,Sector Shift,No strong alternative
Idaho,Education & Training,57,Sector Shift,No strong alternative
Idaho,Engineering & Technical Ops,2191,Sector Shift,No strong alternative
Idaho,HR & Workforce Services,122,Sector Shift,No strong alternative
Idaho,Healthcare & Medical,903,Sector Shift,No strong alternative
Idaho,"Legal, Regulatory & Policy",98,Sector Shift,No strong alternative
Idaho,Other / Specialized,442,Sector Shift,No strong alternative
Idaho,Procurement & Contracting,300,Sector Shift,No strong alternative
Idaho,Project & Program Mgmt,284,Sector Shift,No strong alternative
Illinois,Administrative & Clerical,4215,Sector Shift,No strong alternative
Illinois,Cybersecurity,149,Sector Shift,No strong alternative
Illinois,Data & Analysis,224,Sector Shift,No strong alternative
Illinois,Education & Training,214,Sector Shift,No strong alternative
Illinois,Engineering & Technical Ops,3867,Sector Shift,No strong alternative
Illinois,HR & Workforce Services,814,Sector Shift,No strong alternative
Illinois,Healthcare & Medical,5587,Sector Shift,No strong alternative
Illinois,"Legal, Regulatory & Policy",671,Sector Shift,No strong alternative
Illinois,Other / Specialized,2499,Sector Shift,No strong alternative
Illinois,Procurement & Contracting,2234,Sector Shift,No strong alternative
Illinois,Project & Program Mgmt,1918,Sector Shift,No strong alternative
Indiana,Administrative & Clerical,3312,Sector Shift,No strong alternative
Indiana,Cybersecurity,126,Sector Shift,No strong alternative
Indiana,Data & Analysis,305,Sector Shift,No strong alternative
Indiana,Education & Training,72,Sector Shift,No strong alternative
Indiana,Engineering & Technical Ops,2746,Sector Shift,No strong alternative
Indiana,HR & Workforce Services,423,Sector Shift,No strong alternative
Indiana,Healthcare & Medical,2628,Sector Shift,No strong alternative
Indiana,"Legal, Regulatory & Policy",256,Sector Shift,No strong alternative
Indiana,Other / Specialized,697,Sector Shift,No strong alternative
Indiana,Procurement & Contracting,720,Sector Shift,No strong alternative
Indiana,Project & Program Mgmt,1002,Sector Shift,No strong alternative
Iowa,Administrative & Clerical,722,Sector Shift,No strong alternative
Iowa,Cybersecurity,17,Sector Shift,No strong alternative
Iowa,Data & Analysis,24,Sector Shift,No strong alternative
Iowa,Education & Training,25,Sector Shift,No strong alternative
Iowa,Engineering & Technical Ops,946,Sector Shift,No strong alternative
Iowa,HR & Workforce Services,229,Sector Shift,No strong alternative
Iowa,Healthcare & Medical,1837,Sector Shift,No strong alternative
Iowa,"Legal, Regulatory & Policy",131,Sector Shift,No strong alternative
Iowa,Other / Specialized,449,Sector Shift,No strong alternative
Iowa,Procurement & Contracting,283,Sector Shift,No strong alternative
Iowa,Project & Program Mgmt,243,Sector Shift,No strong alternative
Kansas,Administrative & Clerical,1975,Sector Shift,No strong alternative
Kansas,Cybersecurity,59,Sector Shift,No strong alternative
Kansas,Data & Analysis,91,Sector Shift,No strong alternative
Kansas,Education & Training,364,Sector Shift,No strong alternative
Kansas,Engineering & Technical Ops,1707,Sector Shift,No strong alternative
Kansas,HR & Workforce Services,479,Sector Shift,No strong alternative
Kansas,Healthcare & Medical,2084,Sector Shift,No strong alternative
Kansas,"Legal, Regulatory & Policy",118,Sector Shift,No strong alternative
Kansas,Other / Specialized,809,Sector Shift,No strong alternative
Kansas,Procurement & Contracting,509,Sector Shift,No strong alternative
Kansas,Project & Program Mgmt,726,Sector Shift,No strong alternative
Kentucky,Administrative & Clerical,2811,Sector Shift,No strong alternative
Kentucky,Cybersecurity,76,Sector Shift,No strong alternative
Kentucky,Data & Analysis,66,Sector Shift,No strong alternative
Kentucky,Education & Training,465,Sector Shift,No strong alternative
Kentucky,Engineering & Technical Ops,1856,Sector Shift,No strong alternative
Kentucky,HR & Workforce Services,757,Sector Shift,No strong alternative
Kentucky,Healthcare & Medical,2562,Sector Shift,No strong alternative
Kentucky,"Legal, Regulatory & Policy",336,Sector Shift,No strong alternative
Kentucky,Other / Specialized,1287,Sector Shift,No strong alternative
Kentucky,Procurement & Contracting,573,Sector Shift,No strong alternative
Kentucky,Project & Program Mgmt,801,Sector Shift,No strong alternative
Louisiana,Administrative & Clerical,1822,Sector Shift,No strong alternative
Louisiana,Cybersecurity,111,Sector Shift,No strong alternative
Louisiana,Data & Analysis,47,Sector Shift,No strong alternative
Louisiana,Education & Training,82,Sector Shift,No strong alternative
Louisiana,Engineering & Technical Ops,2157,Sector Shift,No strong alternative
Louisiana,HR & Workforce Services,277,Sector Shift,No strong alternative
Louisiana,Healthcare & Medical,2479,Sector Shift,No strong alternative
Louisiana,"Legal, Regulatory & Policy",238,Sector Shift,No strong alternative
Louisiana,Other / Specialized,1037,Sector Shift,No strong alternative
Louisiana,Procurement & Contracting,582,Sector Shift,No strong alternative
Louisiana,Project & Program Mgmt,880,Sector Shift,No strong alternative
Maine,Administrative & Clerical,800,Sector Shift,No strong alternative
Maine,Cybersecurity,27,Sector Shift,No strong alternative
Maine,Data & Analysis,9,Sector Shift,No strong alternative
Maine,Education & Training,90,Sector Shift,No strong alternative
Maine,Engineering & Technical Ops,3271,Sector Shift,No strong alternative
Maine,HR & Workforce Services,75,Sector Shift,No strong alternative
Maine,Healthcare & Medical,833,Sector Shift,No strong alternative
Maine,"Legal, Regulatory & Policy",166,Sector Shift,No strong alternative
Maine,Other / Specialized,314,Sector Shift,No strong alternative
Maine,Procurement & Contracting,265,Sector Shift,No strong alternative
Maine,Project & Program Mgmt,332,Sector Shift,No strong alternative
Maryland,Administrative & Clerical,11432,Sector Shift,No strong alternative
Maryland,Cybersecurity,2065,Sector Shift,No strong alternative
Maryland,Data & Analysis,2486,Sector Shift,No strong alternative
Maryland,Education & Training,908,Sector Shift,No strong alternative
Maryland,Engineering & Technical Ops,14893,Sector Shift,No strong alternative
Maryland,HR & Workforce Services,1733,Sector Shift,No strong alternative
Maryland,Healthcare & Medical,11262,Sector Shift,No strong alternative
Maryland,"Legal, Regulatory & Policy",1495,Sector Shift,No strong alternative
Maryland,Other / Specialized,5579,Sector Shift,No strong alternative
Maryland,Procurement & Contracting,4737,Sector Shift,No strong alternative
Maryland,Project & Program Mgmt,15061,Sector Shift,No strong alternative
Massachusetts,Administrative & Clerical,2371,Sector Shift,No strong alternative
Massachusetts,Cybersecurity,149,Sector Shift,No strong alternative
Massachusetts,Data & Analysis,213,Sector Shift,No strong alternative
Massachusetts,Education & Training,81,Sector Shift,No strong alternative
Massachusetts,Engineering & Technical Ops,2348,Sector Shift,No strong alternative
Massachusetts,HR & Workforce Services,281,Sector Shift,No strong alternative
Massachusetts,Healthcare & Medical,3216,Sector Shift,No strong alternative
Massachusetts,"Legal, Regulatory & Policy",245,Sector Shift,No strong alternative
Massachusetts,Other / Specialized,2099,Sector Shift,No strong alternative
Massachusetts,Procurement & Contracting,941,Sector Shift,No strong alternative
Massachusetts,Project & Program Mgmt,828,Sector Shift,No strong alternative
Michigan,Administrative & Clerical,2366,Sector Shift,No strong alternative
Michigan,Cybersecurity,84,Sector Shift,No strong alternative
Michigan,Data & Analysis,97,Sector Shift,No strong alternative
Michigan,Education & Training,114,Sector Shift,No strong alternative
Michigan,Engineering & Technical Ops,2801,Sector Shift,No strong alternative
Michigan,HR & Workforce Services,344,Sector Shift,No strong alternative
Michigan,Healthcare & Medical,4258,Sector Shift,No strong alternative
Michigan,"Legal, Regulatory & Policy",501,Sector Shift,No strong alternative
Michigan,Other / Specialized,1191,Sector Shift,No strong alternative
Michigan,Procurement & Contracting,1631,Sector Shift,No strong alternative
Michigan,Project & Program Mgmt,1387,Sector Shift,No strong alternative
Minnesota,Administrative & Clerical,1392,Sector Shift,No strong alternative
Minnesota,Cybersecurity,58,Sector Shift,No strong alternative
Minnesota,Data & Analysis,62,Sector Shift,No strong alternative
Minnesota,Education & Training,62,Sector Shift,No strong alternative
Minnesota,Engineering & Technical Ops,1749,Sector Shift,No strong alternative
Minnesota,HR & Workforce Services,328,Sector Shift,No strong alternative
Minnesota,Healthcare & Medical,3095,Sector Shift,No strong alternative
Minnesota,"Legal, Regulatory & Policy",460,Sector Shift,No strong alternative
Minnesota,Other / Specialized,893,Sector Shift,No strong alternative
Minnesota,Procurement & Contracting,450,Sector Shift,No strong alternative
Minnesota,Project & Program Mgmt,458,Sector Shift,No strong alternative
Mississippi,Administrative & Clerical,1765,Sector Shift,No strong alternative
Mississippi,Cybersecurity,191,Sector Shift,No strong alternative
Mississippi,Data & Analysis,44,Sector Shift,No strong alternative
Mississippi,Education & Training,308,Sector Shift,No strong alternative
Mississippi,Engineering & Technical Ops,2884,Sector Shift,No strong alternative
Mississippi,HR & Workforce Services,363,Sector Shift,No strong alternative
Mississippi,Healthcare & Medical,1811,Sector Shift,No strong alternative
Mississippi,"Legal, Regulatory & Policy",188,Sector Shift,No strong alternative
Mississippi,Other / Specialized,981,Sector Shift,No strong alternative
Mississippi,Procurement & Contracting,593,Sector Shift,No strong alternative
Mississippi,Project & Program Mgmt,605,Sector Shift,No strong alternative
Missouri,Administrative & Clerical,5372,Sector Shift,No strong alternative
Missouri,Cybersecurity,91,Sector Shift,No strong alternative
Missouri,Data & Analysis,163,Sector Shift,No strong alternative
Missouri,Education & Training,357,Sector Shift,No strong alternative
Missouri,Engineering & Technical Ops,2568,Sector Shift,No strong alternative
Missouri,HR & Workforce Services,473,Sector Shift,No strong alternative
Missouri,Healthcare & Medical,4218,Sector Shift,No strong alternative
Missouri,"Legal, Regulatory & Policy",726,Sector Shift,No strong alternative
Missouri,Other / Specialized,2446,Sector Shift,No strong alternative
Missouri,Procurement & Contracting,922,Sector Shift,No strong alternative
Missouri,Project & Program Mgmt,1307,Sector Shift,No strong alternative
Montana,Administrative & Clerical,897,Sector Shift,No strong alternative
Montana,Cybersecurity,18,Sector Shift,No strong alternative
Montana,Data & Analysis,16,Sector Shift,No strong alternative
Montana,Education & Training,50,Sector Shift,No strong alternative
Montana,Engineering & Technical Ops,2146,Sector Shift,No strong alternative
Montana,HR & Workforce Services,103,Sector Shift,No strong alternative
Montana,Healthcare & Medical,964,Sector Shift,No strong alternative
Montana,"Legal, Regulatory & Policy",84,Sector Shift,No strong alternative
Montana,Other / Specialized,568,Sector Shift,No strong alternative
Montana,Procurement & Contracting,280,Sector Shift,No strong alternative
Montana,Project & Program Mgmt,266,Sector Shift,No strong alternative
Nebraska,Administrative & Clerical,861,Sector Shift,No strong alternative
Nebraska,Cybersecurity,47,Sector Shift,No strong alternative
Nebraska,Data & Analysis,62,Sector Shift,No strong alternative
Nebraska,Education & Training,56,Sector Shift,No strong alternative
Nebraska,Engineering & Technical Ops,1167,Sector Shift,No strong alternative
Nebraska,HR & Workforce Services,83,Sector Shift,No strong alternative
Nebraska,Healthcare & Medical,1238,Sector Shift,No strong alternative
Nebraska,"Legal, Regulatory & Policy",206,Sector Shift,No strong alternative
Nebraska,Other / Specialized,503,Sector Shift,No strong alternative
Nebraska,Procurement & Contracting,348,Sector Shift,No strong alternative
Nebraska,Project & Program Mgmt,594,Sector Shift,No strong alternative
Nevada,Administrative & Clerical,1307,Sector Shift,No strong alternative
Nevada,Cybersecurity,66,Sector Shift,No strong alternative
Nevada,Data & Analysis,19,Sector Shift,No strong alternative
Nevada,Education & Training,92,Sector Shift,No strong alternative
Nevada,Engineering & Technical Ops,1462,Sector Shift,No strong alternative
Nevada,HR & Workforce Services,162,Sector Shift,No strong alternative
Nevada,Healthcare & Medical,2332,Sector Shift,No strong alternative
Nevada,"Legal, Regulatory & Policy",182,Sector Shift,No strong alternative
Nevada,Other / Specialized,574,Sector Shift,No strong alternative
Nevada,Procurement & Contracting,327,Sector Shift,No strong alternative
Nevada,Project & Program Mgmt,387,Sector Shift,No strong alternative
New Hampshire,Administrative & Clerical,359,Sector Shift,No strong alternative
New Hampshire,Cybersecurity,21,Sector Shift,No strong alternative
New Hampshire,Data & Analysis,15,Sector Shift,No strong alternative
New Hampshire,Education & Training,23,Sector Shift,No strong alternative
New Hampshire,Engineering & Technical Ops,701,Sector Shift,No strong alternative
New Hampshire,HR & Workforce Services,71,Sector Shift,No strong alternative
New Hampshire,Healthcare & Medical,501,Sector Shift,No strong alternative
New Hampshire,"Legal, Regulatory & Policy",73,Sector Shift,No strong alternative
New Hampshire,Other / Specialized,411,Sector Shift,No strong alternative
New Hampshire,Procurement & Contracting,175,Sector Shift,No strong alternative
New Hampshire,Project & Program Mgmt,182,Sector Shift,No strong alternative
New Jersey,Administrative & Clerical,1848,Sector Shift,No strong alternative
New Jersey,Cybersecurity,301,Sector Shift,No strong alternative
New Jersey,Data & Analysis,114,Sector Shift,No strong alternative
New Jersey,Education & Training,128,Sector Shift,No strong alternative
New Jersey,Engineering & Technical Ops,3472,Sector Shift,No strong alternative
New Jersey,HR & Workforce Services,275,Sector Shift,No strong alternative
New Jersey,Healthcare & Medical,1541,Sector Shift,No strong alternative
New Jersey,"Legal, Regulatory & Policy",290,Sector Shift,No strong alternative
New Jersey,Other / Specialized,1108,Sector Shift,No strong alternative
New Jersey,Procurement & Contracting,1036,Sector Shift,No strong alternative
New Jersey,Project & Program Mgmt,1165,Sector Shift,No strong alternative
New Mexico,Administrative & Clerical,2312,Sector Shift,No strong alternative
New Mexico,Cybersecurity,182,Sector Shift,No strong alternative
New Mexico,Data & Analysis,112,Sector Shift,No strong alternative
New Mexico,Education & Training,347,Sector Shift,No strong alternative
New Mexico,Engineering & Technical Ops,3031,Sector Shift,No strong alternative
New Mexico,HR & Workforce Services,473,Sector Shift,No strong alternative
New Mexico,Healthcare & Medical,2420,Sector Shift,No strong alternative
New Mexico,"Legal, Regulatory & Policy",160,Sector Shift,No strong alternative
New Mexico,Other / Specialized,895,Sector Shift,No strong alternative
New Mexico,Procurement & Contracting,646,Sector Shift,No strong alternative
New Mexico,Project & Program Mgmt,703,Sector Shift,No strong alternative
New York,Administrative & Clerical,7095,Sector Shift,No strong alternative
New York,Cybersecurity,186,Sector Shift,No strong alternative
New York,Data & Analysis,210,Sector Shift,No strong alternative
New York,Education & Training,352,Sector Shift,No strong alternative
New York,Engineering & Technical Ops,4105,Sector Shift,No strong alternative
New York,HR & Workforce Services,631,Sector Shift,No strong alternative
New York,Healthcare & Medical,6710,Sector Shift,No strong alternative
New York,"Legal, Regulatory & Policy",1050,Sector Shift,No strong alternative
New York,Other / Specialized,3758,Sector Shift,No strong alternative
New York,Procurement & Contracting,1205,Sector Shift,No strong alternative
New York,Project & Program Mgmt,1540,Sector Shift,No strong alternative
North Carolina,Administrative & Clerical,4256,Sector Shift,No strong alternative
North Carolina,Cybersecurity,175,Sector Shift,No strong alternative
North Carolina,Data & Analysis,125,Sector Shift,No strong alternative
North Carolina,Education & Training,1072,Sector Shift,No strong alternative
North Carolina,Engineering & Technical Ops,5170,Sector Shift,No strong alternative
North Carolina,HR & Workforce Services,756,Sector Shift,No strong alternative
North Carolina,Healthcare & Medical,7699,Sector Shift,No strong alternative
North Carolina,"Legal, Regulatory & Policy",778,Sector Shift,No strong alternative
North Carolina,Other / Specialized,2108,Sector Shift,No strong alternative
North Carolina,Procurement & Contracting,1522,Sector Shift,No strong alternative
North Carolina,Project & Program Mgmt,1811,Sector Shift,No strong alternative
North Dakota,Administrative & Clerical,465,Sector Shift,No strong alternative
North Dakota,Cybersecurity,26,Sector Shift,No strong alternative
North Dakota,Data & Analysis,5,Sector Shift,No strong alternative
North Dakota,Education & Training,132,Sector Shift,No strong alternative
North Dakota,Engineering & Technical Ops,817,Sector Shift,No strong alternative
North Dakota,HR & Workforce Services,49,Sector Shift,No strong alternative
North Dakota,Healthcare & Medical,734,Sector Shift,No strong alternative
North Dakota,"Legal, Regulatory & Policy",52,Sector Shift,No strong alternative
North Dakota,Other / Specialized,269,Sector Shift,No strong alternative
North Dakota,Procurement & Contracting,165,Sector Shift,No strong alternative
North Dakota,Project & Program Mgmt,128,Sector Shift,No strong alternative
Ohio,Administrative & Clerical,6028,Sector Shift,No strong alternative
Ohio,Cybersecurity,361,Sector Shift,No strong alternative
Ohio,Data & Analysis,248,Sector Shift,No strong alternative
Ohio,Education & Training,283,Sector Shift,No strong alternative
Ohio,Engineering & Technical Ops,5416,Sector Shift,No strong alternative
Ohio,HR & Workforce Services,847,Sector Shift,No strong alternative
Ohio,Healthcare & Medical,6375,Sector Shift,No strong alternative
Ohio,"Legal, Regulatory & Policy",645,Sector Shift,No strong alternative
Ohio,Other / Specialized,2530,Sector Shift,No strong alternative
Ohio,Procurement & Contracting,2872,Sector Shift,No strong alternative
Ohio,Project & Program Mgmt,2136,Sector Shift,No strong alternative
Oklahoma,Administrative & Clerical,2994,Sector Shift,No strong alternative
Oklahoma,Cybersecurity,330,Sector Shift,No strong alternative
Oklahoma,Data & Analysis,76,Sector Shift,No strong alternative
Oklahoma,Education & Training,393,Sector Shift,No strong alternative
Oklahoma,Engineering & Technical Ops,7556,Sector Shift,No strong alternative
Oklahoma,HR & Workforce Services,390,Sector Shift,No strong alternative
Oklahoma,Healthcare & Medical,3113,Sector Shift,No strong alternative
Oklahoma,"Legal, Regulatory & Policy",776,Sector Shift,No strong alternative
Oklahoma,Other / Specialized,1116,Sector Shift,No strong alternative
Oklahoma,Procurement & Contracting,2094,Sector Shift,No strong alternative
Oklahoma,Project & Program Mgmt,2129,Sector Shift,No strong alternative
Oregon,Administrative & Clerical,1547,Sector Shift,No strong alternative
Oregon,Cybersecurity,37,Sector Shift,No strong alternative
Oregon,Data & Analysis,97,Sector Shift,No strong alternative
Oregon,Education & Training,90,Sector Shift,No strong alternative
Oregon,Engineering & Technical Ops,3405,Sector Shift,No strong alternative
Oregon,HR & Workforce Services,209,Sector Shift,No strong alternative
Oregon,Healthcare & Medical,2289,Sector Shift,No strong alternative
Oregon,"Legal, Regulatory & Policy",191,Sector Shift,No strong alternative
Oregon,Other / Specialized,1272,Sector Shift,No strong alternative
Oregon,Procurement & Contracting,413,Sector Shift,No strong alternative
Oregon,Project & Program Mgmt,577,Sector Shift,No strong alternative
Pennsylvania,Administrative & Clerical,7866,Sector Shift,No strong alternative
Pennsylvania,Cybersecurity,393,Sector Shift,No strong alternative
Pennsylvania,Data & Analysis,196,Sector Shift,No strong alternative
Pennsylvania,Education & Training,201,Sector Shift,No strong alternative
Pennsylvania,Engineering & Technical Ops,6224,Sector Shift,No strong alternative
Pennsylvania,HR & Workforce Services,928,Sector Shift,No strong alternative
Pennsylvania,Healthcare & Medical,6387,Sector Shift,No strong alternative
Pennsylvania,"Legal, Regulatory & Policy",1141,Sector Shift,No strong alternative
Pennsylvania,Other / Specialized,3233,Sector Shift,No strong alternative
Pennsylvania,Procurement & Contracting,3563,Sector Shift,No strong alternative
Pennsylvania,Project & Program Mgmt,2901,Sector Shift,No strong alternative
Rhode Island,Administrative & Clerical,454,Sector Shift,No strong alternative
Rhode Island,Cybersecurity,264,Sector Shift,No strong alternative
Rhode Island,Data & Analysis,65,Sector Shift,No strong alternative
Rhode Island,Education & Training,210,Sector Shift,No strong alternative
Rhode Island,Engineering & Technical Ops,1461,Sector Shift,No strong alternative
Rhode Island,HR & Workforce Services,69,Sector Shift,No strong alternative
Rhode Island,Healthcare & Medical,732,Sector Shift,No strong alternative
Rhode Island,"Legal, Regulatory & Policy",202,Sector Shift,No strong alternative
Rhode Island,Other / Specialized,257,Sector Shift,No strong alternative
Rhode Island,Procurement & Contracting,208,Sector Shift,No strong alternative
Rhode Island,Project & Program Mgmt,304,Sector Shift,No strong alternative
South Carolina,Administrative & Clerical,2136,Sector Shift,No strong alternative
South Carolina,Cybersecurity,309,Sector Shift,No strong alternative
South Carolina,Data & Analysis,81,Sector Shift,No strong alternative
South Carolina,Education & Training,280,Sector Shift,No strong alternative
South Carolina,Engineering & Technical Ops,2339,Sector Shift,No strong alternative
South Carolina,HR & Workforce Services,419,Sector Shift,No strong alternative
South Carolina,Healthcare & Medical,3116,Sector Shift,No strong alternative
South Carolina,"Legal, Regulatory & Policy",475,Sector Shift,No strong alternative
South Carolina,Other / Specialized,1058,Sector Shift,No strong alternative
South Carolina,Procurement & Contracting,846,Sector Shift,No strong alternative
South Carolina,Project & Program Mgmt,1167,Sector Shift,No strong alternative
South Dakota,Administrative & Clerical,816,Sector Shift,No strong alternative
South Dakota,Cybersecurity,26,Sector Shift,No strong alternative
South Dakota,Data & Analysis,12,Sector Shift,No strong alternative
South Dakota,Education & Training,128,Sector Shift,No strong alternative
South Dakota,Engineering & Technical Ops,960,Sector Shift,No strong alternative
South Dakota,HR & Workforce Services,106,Sector Shift,No strong alternative
South Dakota,Healthcare & Medical,1446,Sector Shift,No strong alternative
South Dakota,"Legal, Regulatory & Policy",86,Sector Shift,No strong alternative
South Dakota,Other / Specialized,390,Sector Shift,No strong alternative
South Dakota,Procurement & Contracting,252,Sector Shift,No strong alternative
South Dakota,Project & Program Mgmt,196,Sector Shift,No strong alternative
Tennessee,Administrative & Clerical,3879,Sector Shift,No strong alternative
Tennessee,Cybersecurity,77,Sector Shift,No strong alternative
Tennessee,Data & Analysis,46,Sector Shift,No strong alternative
Tennessee,Education & Training,241,Sector Shift,No strong alternative
Tennessee,Engineering & Technical Ops,2114,Sector Shift,No strong alternative
Tennessee,HR & Workforce Services,619,Sector Shift,No strong alternative
Tennessee,Healthcare & Medical,4928,Sector Shift,No strong alternative
Tennessee,"Legal, Regulatory & Policy",583,Sector Shift,No strong alternative
Tennessee,Other / Specialized,1733,Sector Shift,No strong alternative
Tennessee,Procurement & Contracting,814,Sector Shift,No strong alternative
Tennessee,Project & Program Mgmt,1109,Sector Shift,No strong alternative
Texas,Administrative & Clerical,12774,Sector Shift,No strong alternative
Texas,Cybersecurity,505,Stay Local,Demand covers surplus
Texas,Data & Analysis,314,Sector Shift,No strong alternative
Texas,Education & Training,1468,Sector Shift,No strong alternative
Texas,Engineering & Technical Ops,11482,Sector Shift,No strong alternative
Texas,HR & Workforce Services,2541,Sector Shift,No strong alternative
Texas,Healthcare & Medical,15726,Sector Shift,No strong alternative
Texas,"Legal, Regulatory & Policy",1908,Sector Shift,No strong alternative
Texas,Other / Specialized,7506,Sector Shift,No strong alternative
Texas,Procurement & Contracting,4716,Sector Shift,No strong alternative
Texas,Project & Program Mgmt,5604,Sector Shift,No strong alternative
Utah,Administrative & Clerical,3342,Sector Shift,No strong alternative
Utah,Cybersecurity,477,Sector Shift,No strong alternative
Utah,Data & Analysis,79,Sector Shift,No strong alternative
Utah,Education & Training,126,Sector Shift,No strong alternative
Utah,Engineering & Technical Ops,5257,Sector Shift,No strong alternative
Utah,HR & Workforce Services,343,Sector Shift,No strong alternative
Utah,Healthcare & Medical,1341,Sector Shift,No strong alternative
Utah,"Legal, Regulatory & Policy",355,Sector Shift,No strong alternative
Utah,Other / Specialized,2386,Sector Shift,No strong alternative
Utah,Procurement & Contracting,1380,Sector Shift,No strong alternative
Utah,Project & Program Mgmt,1638,Sector Shift,No strong alternative
Vermont,Administrative & Clerical,337,Sector Shift,No strong alternative
Vermont,Cybersecurity,55,Sector Shift,No strong alternative
Vermont,Data & Analysis,5,Sector Shift,No strong alternative
Vermont,Education & Training,11,Sector Shift,No strong alternative
Vermont,Engineering & Technical Ops,248,Sector Shift,No strong alternative
Vermont,HR & Workforce Services,65,Sector Shift,No strong alternative
Vermont,Healthcare & Medical,496,Sector Shift,No strong alternative
Vermont,"Legal, Regulatory & Policy",24,Sector Shift,No strong alternative
Vermont,Other / Specialized,145,Sector Shift,No strong alternative
Vermont,Procurement & Contracting,99,Sector Shift,No strong alternative
Vermont,Project & Program Mgmt,170,Sector Shift,No strong alternative
Virginia,Administrative & Clerical,13773,Sector Shift,No strong alternative
Virginia,Cybersecurity,1960,Relocate,Better CoL + demand
Virginia,Data & Analysis,1322,Relocate,Better CoL + demand
Virginia,Education & Training,1357,Sector Shift,No strong alternative
Virginia,Engineering & Technical Ops,16987,Stay Local,Demand covers surplus
Virginia,HR & Workforce Services,2267,Sector Shift,No strong alternative
Virginia,Healthcare & Medical,5882,Sector Shift,No strong alternative
Virginia,"Legal, Regulatory & Policy",2503,Sector Shift,No strong alternative
Virginia,Other / Specialized,6693,Sector Shift,No strong alternative
Virginia,Procurement & Contracting,6673,Sector Shift,No strong alternative
Virginia,Project & Program Mgmt,13120,Sector Shift,No strong alternative
Washington,Administrative & Clerical,3956,Sector Shift,No strong alternative
Washington,Cybersecurity,235,Sector Shift,No strong alternative
Washington,Data & Analysis,126,Sector Shift,No strong alternative
Washington,Education & Training,291,Sector Shift,No strong alternative
Washington,Engineering & Technical Ops,11810,Sector Shift,No strong alternative
Washington,HR & Workforce Services,604,Sector Shift,No strong alternative
Washington,Healthcare & Medical,4783,Sector Shift,No strong alternative
Washington,"Legal, Regulatory & Policy",571,Sector Shift,No strong alternative
Washington,Other / Specialized,2624,Sector Shift,No strong alternative
Washington,Procurement & Contracting,1722,Sector Shift,No strong alternative
Washington,Project & Program Mgmt,1954,Sector Shift,No strong alternative
West Virginia,Administrative & Clerical,1788,Sector Shift,No strong alternative
West Virginia,Cybersecurity,39,Sector Shift,No strong alternative
West Virginia,Data & Analysis,36,Sector Shift,No strong alternative
West Virginia,Education & Training,109,Sector Shift,No strong alternative
West Virginia,Engineering & Technical Ops,1382,Sector Shift,No strong alternative
West Virginia,HR & Workforce Services,384,Sector Shift,No strong alternative
West Virginia,Healthcare & Medical,2395,Sector Shift,No strong alternative
West Virginia,"Legal, Regulatory & Policy",267,Sector Shift,No strong alternative
West Virginia,Other / Specialized,663,Sector Shift,No strong alternative
West Virginia,Procurement & Contracting,406,Sector Shift,No strong alternative
West Virginia,Project & Program Mgmt,1140,Sector Shift,No strong alternative
Wisconsin,Administrative & Clerical,1489,Sector Shift,No strong alternative
Wisconsin,Cybersecurity,35,Sector Shift,No strong alternative
Wisconsin,Data & Analysis,34,Sector Shift,No strong alternative
Wisconsin,Education & Training,54,Sector Shift,No strong alternative
Wisconsin,Engineering & Technical Ops,1417,Sector Shift,No strong alternative
Wisconsin,HR & Workforce Services,285,Sector Shift,No strong alternative
Wisconsin,Healthcare & Medical,3593,Sector Shift,No strong alternative
Wisconsin,"Legal, Regulatory & Policy",421,Sector Shift,No strong alternative
Wisconsin,Other / Specialized,820,Sector Shift,No strong alternative
Wisconsin,Procurement & Contracting,434,Sector Shift,No strong alternative
Wisconsin,Project & Program Mgmt,369,Sector Shift,No strong alternative
Wyoming,Administrative & Clerical,545,Sector Shift,No strong alternative
Wyoming,Cybersecurity,13,Sector Shift,No strong alternative
Wyoming,Data & Analysis,6,Sector Shift,No strong alternative
Wyoming,Education & Training,42,Sector Shift,No strong alternative
Wyoming,Engineering & Technical Ops,1148,Sector Shift,No strong alternative
Wyoming,HR & Workforce Services,68,Sector Shift,No strong alternative
Wyoming,Healthcare & Medical,719,Sector Shift,No strong alternative
Wyoming,"Legal, Regulatory & Policy",40,Sector Shift,No strong alternative
Wyoming,Other / Specialized,393,Sector Shift,No strong alternative
Wyoming,Procurement & Contracting,160,Sector Shift,No strong alternative
Wyoming,Project & Program Mgmt,142,Sector Shift,No strong alternative
